{"stats":{"minecraft:dropped":{"minecraft:jungle_stairs":1},"minecraft:custom":{"minecraft:open_chest":3,"minecraft:time_since_rest":8703,"minecraft:blood":0,"minecraft:magic_shield":0,"minecraft:play_time":8703,"minecraft:sprint_one_cm":13448,"minecraft:walk_one_cm":9668,"minecraft:sneak_time":9,"minecraft:walk_under_water_one_cm":608,"minecraft:mob_kills":2,"minecraft:drop":1,"minecraft:dexterity":0,"minecraft:jump":169,"minecraft:intelligence":0,"minecraft:energy":50,"minecraft:damage_dealt":180,"minecraft:leave_game":1,"minecraft:time_since_death":8703,"minecraft:move_speed":0,"minecraft:health":70,"minecraft:walk_on_water_one_cm":1254,"minecraft:strength":0,"minecraft:total_world_time":8703,"minecraft:swim_one_cm":8881,"minecraft:fly_one_cm":90369,"minecraft:fall_one_cm":2930,"minecraft:mana":50},"minecraft:mined":{"minecraft:jungle_stairs":1},"minecraft:killed":{"alexsmobs:raccoon":2},"minecraft:used":{"minecraft:iron_sword":2},"minecraft:picked_up":{"minecraft:jungle_stairs":1,"alexsmobs:raccoon_tail":1}},"DataVersion":3465}