{"stats":{"minecraft:picked_up":{"minecraft:rotten_flesh":4,"minecraft:sand":3,"minecraft:iron_sword":1},"minecraft:killed":{"minecraft:husk":2},"minecraft:killed_by":{"minecraft:husk":1},"minecraft:mined":{"minecraft:sand":3},"minecraft:custom":{"minecraft:time_since_rest":12783,"minecraft:blood":0,"minecraft:magic_shield":0,"minecraft:crouch_one_cm":47,"minecraft:deaths":1,"minecraft:sprint_one_cm":7376,"minecraft:play_time":21769,"minecraft:damage_taken":235,"minecraft:walk_one_cm":7775,"minecraft:sneak_time":31,"minecraft:mob_kills":2,"minecraft:dexterity":0,"minecraft:jump":139,"minecraft:intelligence":0,"minecraft:energy":50,"minecraft:damage_dealt":109,"minecraft:leave_game":2,"minecraft:health":80,"minecraft:move_speed":0,"minecraft:time_since_death":6117,"minecraft:strength":2,"minecraft:total_world_time":21769,"minecraft:fly_one_cm":19060,"minecraft:fall_one_cm":2527,"minecraft:mana":50},"minecraft:used":{"minecraft:sand":3,"minecraft:iron_sword":7}},"DataVersion":3465}